{
  "performVersionCheck": true,
  "origins": {
    "origins-classes:nitwit": {
      "enabled": true
    },
    "origins:enderian": {
      "enabled": true,
      "origins:throw_ender_pearl": true,
      "origins:water_vulnerability": true,
      "origins:pumpkin_hate": true,
      "origins:extra_reach": true,
      "origins:ender_particles": true,
      "origins:damage_from_potions": true
    },
    "origins:feline": {
      "enabled": true,
      "origins:fall_immunity": true,
      "origins:sprint_jump": true,
      "origins:velvet_paws": true,
      "origins:nine_lives": true,
      "origins:weak_arms": true,
      "origins:scare_creepers": true,
      "origins:cat_vision": true
    },
    "origins-classes:warrior": {
      "enabled": true,
      "origins-classes:more_attack_damage": true,
      "origins-classes:less_shield_slowdown": true
    },
    "origins:elytrian": {
      "enabled": true,
      "origins:elytra": true,
      "origins:launch_into_air": true,
      "origins:aerial_combatant": true,
      "origins:light_armor": true,
      "origins:claustrophobia": true,
      "origins:more_kinetic_damage": true
    },
    "rpg_origins:cleric": {
      "enabled": true,
      "rpg_origins:villagefriendly": true,
      "rpg_origins:untrained": true,
      "rpg_origins:brewer_jumpboost": true,
      "rpg_origins:brewer_speed": true,
      "rpg_origins:brewer_strength": true,
      "rpg_origins:brewer_regeneration": true,
      "rpg_origins:heal_pool": true,
      "rpg_origins:forgivable": true,
      "rpg_origins:pure": true,
      "rpg_origins:pure_color": true,
      "rpg_origins:pure_shake": true,
      "rpg_origins:one_with_the_world": true
    },
    "origins-classes:explorer": {
      "enabled": true,
      "origins-classes:explorer_kit": true,
      "origins-classes:no_sprint_exhaustion": true
    },
    "origins:phantom": {
      "enabled": true,
      "origins:phantomize": true,
      "origins:translucent": true,
      "origins:phasing": true,
      "origins:invisibility": true,
      "origins:burn_in_daylight": true,
      "origins:hunger_over_time": true,
      "origins:fragile": true,
      "origins:phantomize_overlay": true
    },
    "origins-classes:beastmaster": {
      "enabled": true,
      "origins-classes:tamed_animal_boost": true,
      "origins-classes:tamed_potion_diffusal": true
    },
    "origins-classes:merchant": {
      "enabled": true,
      "origins-classes:trade_availability": true,
      "origins-classes:rare_wandering_loot": true
    },
    "rpg_origins:knight": {
      "enabled": true,
      "rpg_origins:durable": true,
      "origins:more_exhaustion": true,
      "rpg_origins:prepared": true,
      "rpg_origins:trained": true
    },
    "origins-classes:rancher": {
      "enabled": true,
      "origins-classes:twin_breeding": true,
      "origins-classes:more_animal_loot": true
    },
    "origins:blazeborn": {
      "enabled": true,
      "origins:fire_immunity": true,
      "origins:nether_spawn": true,
      "origins:burning_wrath": true,
      "origins:hotblooded": true,
      "origins:water_vulnerability": true,
      "origins:flame_particles": true,
      "origins:damage_from_snowballs": true,
      "origins:damage_from_potions": true
    },
    "origins:avian": {
      "enabled": true,
      "origins:slow_falling": true,
      "origins:fresh_air": true,
      "origins:like_air": true,
      "origins:tailwind": true,
      "origins:lay_eggs": true,
      "origins:vegetarian": true
    },
    "origins-classes:archer": {
      "enabled": true,
      "origins-classes:no_projectile_divergence": true,
      "origins-classes:less_bow_slowdown": true
    },
    "origins-classes:farmer": {
      "enabled": true,
      "origins-classes:more_crop_drops": true,
      "origins-classes:better_bone_meal": true
    },
    "rpg_origins:brute": {
      "enabled": true,
      "rpg_origins:no_time_to_rest": true,
      "origins:no_shield": true,
      "origins:strong_arms": true,
      "rpg_origins:select_targets_strong": true,
      "origins:natural_armor": true,
      "rpg_origins:select_targets_weak": true
    },
    "extraorigins:floran": {
      "enabled": true,
      "extraorigins:green_thumb": true,
      "extraorigins:photosynthesis": true,
      "extraorigins:absorbing": true,
      "extraorigins:flammable": true,
      "extraorigins:nectarivore": true
    },
    "origins-classes:miner": {
      "enabled": true,
      "origins-classes:more_stone_break_speed": true,
      "origins-classes:no_mining_exhaustion": true
    },
    "rpg_origins:mage": {
      "enabled": true,
      "rpg_origins:fastcure": true,
      "rpg_origins:untrained": true,
      "rpg_origins:fireball": true,
      "rpg_origins:water_walk": true,
      "rpg_origins:unwieldly": true
    },
    "origins-classes:cook": {
      "enabled": true,
      "origins-classes:better_crafted_food": true,
      "origins-classes:more_smoker_xp": true
    },
    "rpg_origins:thief": {
      "enabled": true,
      "rpg_origins:speedy": true,
      "rpg_origins:stealthy": true,
      "origins:no_shield": true,
      "rpg_origins:better_unnoticed": true,
      "rpg_origins:uneasy_alliance": true,
      "rpg_origins:thefty": true,
      "rpg_origins:stealthy_damage": true,
      "rpg_origins:weak": true
    },
    "origins:human": {
      "enabled": true
    },
    "origins-classes:lumberjack": {
      "enabled": true,
      "origins-classes:tree_felling": true,
      "origins-classes:more_planks_from_logs": true
    },
    "rpg_origins:archer": {
      "enabled": true,
      "rpg_origins:marksman": true,
      "rpg_origins:untrained": true,
      "rpg_origins:inexperienced": true,
      "rpg_origins:resourceful": true,
      "rpg_origins:quiver": true
    },
    "extraorigins:piglin": {
      "enabled": true,
      "extraorigins:all_that_glitters": true,
      "extraorigins:crossbow_master": true,
      "extraorigins:piglin_neutrality": true,
      "origins:nether_spawn": true,
      "extraorigins:homesick": true,
      "extraorigins:golden_gluttony": true,
      "extraorigins:flabby": true,
      "extraorigins:soul_spooked": true
    },
    "rpg_origins:bard": {
      "enabled": true,
      "rpg_origins:horn_effects/ponder": true,
      "rpg_origins:horn_effects/sing": true,
      "rpg_origins:horn_effects/feel": true,
      "rpg_origins:horn_effects/admire": true,
      "rpg_origins:horn_effects/call": true,
      "rpg_origins:horn_effects/dream": true,
      "rpg_origins:horn_effects/seek": true,
      "rpg_origins:horn_effects/yearn": true,
      "rpg_origins:musical_talent": true,
      "rpg_origins:musical_past": true,
      "rpg_origins:decoy": true,
      "origins:more_exhaustion": true,
      "rpg_origins:not_the_smartest": true,
      "rpg_origins:charismatic": true,
      "rpg_origins:charismatic_toggle": true
    },
    "origins:shulk": {
      "enabled": true,
      "origins:shulker_inventory": true,
      "origins:natural_armor": true,
      "origins:strong_arms": true,
      "origins:strong_arms_break_speed": true,
      "origins:no_shield": true,
      "origins:more_exhaustion": true
    },
    "origins-classes:cleric": {
      "enabled": true,
      "origins-classes:longer_potions": true,
      "origins-classes:better_enchanting": true
    },
    "origins:merling": {
      "enabled": true,
      "origins:water_breathing": true,
      "origins:water_vision": true,
      "origins:aqua_affinity": true,
      "origins:swim_speed": true,
      "origins:like_water": true,
      "origins:aquatic": true,
      "origins:conduit_power_on_land": true,
      "origins:air_from_potions": true
    },
    "origins:arachnid": {
      "enabled": true,
      "origins:climbing": true,
      "origins:master_of_webs": true,
      "origins:carnivore": true,
      "origins:fragile": true,
      "origins:arthropod": true
    },
    "extraorigins:inchling": {
      "enabled": true,
      "extraorigins:bite_sized": true,
      "extraorigins:nimble": true,
      "extraorigins:small_appetite": true,
      "origins:climbing": true,
      "extraorigins:jockey": true
    },
    "extraorigins:truffle": {
      "enabled": true,
      "extraorigins:magic_spores": true,
      "extraorigins:infestation": true,
      "extraorigins:rooted": true,
      "extraorigins:decomposition": true
    },
    "origins-classes:blacksmith": {
      "enabled": true,
      "origins-classes:quality_equipment": true,
      "origins-classes:efficient_repairs": true
    },
    "origins-classes:rogue": {
      "enabled": true,
      "origins-classes:sneaky": true,
      "origins-classes:stealth": true,
      "origins-classes:stealth_descriptor": true
    }
  }
}